{"cameraMode":{"drawMode":0,"name":"Shaded","section":"Shading Mode"},"sceneLighting":true,"audioPlay":false,"sceneViewState":{"showFog":false,"showMaterialUpdate":false,"showSkybox":false,"showFlares":false,"showImageEffects":false,"showParticleSystems":false},"in2DMode":false,"pivot":{"x":-3.420889139175415,"y":-5.389091491699219,"z":1.7749241590499879},"rotation":{"x":0.12447452545166016,"y":-0.7570607662200928,"z":0.6233158707618713,"w":0.15118584036827088},"size":34.49586486816406,"orthographic":false}