{"cameraMode":{"drawMode":0,"name":"Shaded","section":"Shading Mode"},"sceneLighting":false,"audioPlay":false,"sceneViewState":{"showFog":false,"showMaterialUpdate":false,"showSkybox":false,"showFlares":false,"showImageEffects":false,"showParticleSystems":false},"in2DMode":false,"pivot":{"x":20.420000076293947,"y":-1.150407314300537,"z":-1.8018157482147217},"rotation":{"x":0.37450340390205386,"y":0.0752883180975914,"z":-0.030526965856552125,"w":0.9236669540405273},"size":6.509007453918457,"orthographic":false}