{"cameraMode":{"drawMode":0,"name":"Shaded","section":"Shading Mode"},"sceneLighting":false,"audioPlay":false,"sceneViewState":{"showFog":false,"showMaterialUpdate":false,"showSkybox":false,"showFlares":false,"showImageEffects":false,"showParticleSystems":false},"in2DMode":false,"pivot":{"x":3.2837185859680177,"y":1.0107529163360596,"z":0.6437293291091919},"rotation":{"x":-0.40184539556503298,"y":0.32444408535957339,"z":-0.154893696308136,"w":-0.8422327041625977},"size":10.102431297302246,"orthographic":false}