{"cameraMode":{"drawMode":0,"name":"Shaded","section":"Shading Mode"},"sceneLighting":true,"audioPlay":false,"sceneViewState":{"showFog":false,"showMaterialUpdate":false,"showSkybox":false,"showFlares":false,"showImageEffects":false,"showParticleSystems":false},"in2DMode":false,"pivot":{"x":8.516155242919922,"y":18.562118530273439,"z":12.143227577209473},"rotation":{"x":0.2719447910785675,"y":0.5746216177940369,"z":-0.21040481328964234,"w":0.7426890730857849},"size":115.81978607177735,"orthographic":false}