{"cameraMode":{"drawMode":0,"name":"Shaded","section":"Shading Mode"},"sceneLighting":true,"audioPlay":false,"sceneViewState":{"showFog":false,"showMaterialUpdate":false,"showSkybox":false,"showFlares":false,"showImageEffects":false,"showParticleSystems":false},"in2DMode":false,"pivot":{"x":-14.810444831848145,"y":5.409512519836426,"z":9.801769256591797},"rotation":{"x":0.1686193197965622,"y":-0.2987060248851776,"z":0.0537065714597702,"w":0.9378125071525574},"size":9.5599365234375,"orthographic":false}