{"cameraMode":{"drawMode":0,"name":"Shaded","section":"Shading Mode"},"sceneLighting":true,"audioPlay":false,"sceneViewState":{"showFog":false,"showMaterialUpdate":false,"showSkybox":false,"showFlares":false,"showImageEffects":false,"showParticleSystems":false},"in2DMode":false,"pivot":{"x":-13.27031421661377,"y":-1.9708163738250733,"z":3.909529209136963},"rotation":{"x":-0.4200092852115631,"y":0.07391174137592316,"z":-0.034345533698797229,"w":-0.9038535952568054},"size":25.587627410888673,"orthographic":false}