{"cameraMode":{"drawMode":0,"name":"Shaded","section":"Shading Mode"},"sceneLighting":true,"audioPlay":false,"sceneViewState":{"showFog":false,"showMaterialUpdate":false,"showSkybox":false,"showFlares":false,"showImageEffects":false,"showParticleSystems":false},"in2DMode":false,"pivot":{"x":-5.868635177612305,"y":-2.827207565307617,"z":-0.9112303853034973},"rotation":{"x":0.2134407013654709,"y":-0.710219144821167,"z":0.24232126772403718,"w":0.6255610585212708},"size":23.980913162231447,"orthographic":false}