{"cameraMode":{"drawMode":0,"name":"Shaded","section":"Shading Mode"},"sceneLighting":false,"audioPlay":false,"sceneViewState":{"showFog":false,"showMaterialUpdate":false,"showSkybox":false,"showFlares":false,"showImageEffects":false,"showParticleSystems":false},"in2DMode":false,"pivot":{"x":0.2647538185119629,"y":-2.7901408672332765,"z":-40.67375946044922},"rotation":{"x":-0.17732903361320496,"y":0.8178025484085083,"z":-0.3347366750240326,"w":-0.4332807660102844},"size":66.44252014160156,"orthographic":false}